{"filename": "pyntcloud_plot", "camera_position": [79.99887084960938, 121.90641021728516, 87.99842071533203], "look_at": [31.44123077392578, 29.040803909301758, 33.07826232910156], "point_size": 0.5795282745361328, "point_opacity": 0.9, "polylines_points": [], "polylines_colors": []}